epoch,s_A,L_p,B_q,B_B,M_B,B_C,M_C,B_A,Loss
0,-0.10000000149011612,0.345167338848114,2.8389787673950195,8.42065715789795,51.314796447753906,8.110344886779785,53.214447021484375,9.5006742477417,0
1,-0.07932110875844955,0.4436095356941223,2.601071834564209,7.9263482093811035,46.37500762939453,7.545666217803955,48.00579071044922,9.40071964263916,216294696216.7
2,-0.058368150144815445,0.5349467992782593,2.4031288623809814,7.494909763336182,42.86805725097656,7.076259136199951,44.292999267578125,9.300908088684082,222978.0827270508
3,-0.020456068217754364,0.6191992163658142,2.2254397869110107,7.301682472229004,41.759403228759766,6.905980587005615,43.592063903808594,9.209184646606445,240.25293197631837
4,0.007498500403016806,0.7004460096359253,1.9990365505218506,6.987794399261475,40.12800598144531,6.795482158660889,43.231651306152344,9.234070777893066,15.26431655883789
5,0.016047881916165352,0.7878347039222717,1.7663464546203613,6.732743263244629,39.143760681152344,6.777102947235107,43.082916259765625,9.250031471252441,1.9419119000434875
6,0.011000028811395168,0.8486486077308655,1.6204235553741455,6.566115379333496,38.448768615722656,6.735562801361084,42.69380187988281,9.276735305786133,0.7192382574081421
7,-0.004304968286305666,0.9007247090339661,1.5412322282791138,6.465415000915527,37.99599838256836,6.715405464172363,42.47956848144531,9.294803619384766,0.48262607157230375
