epoch,s_A,L_p,B_q,B_B,M_B,B_C,M_C,B_A,Loss
0,-0.10000000149011612,1.4285590648651123,4.1235127449035645,7.681970119476318,50.975303649902344,7.399979114532471,48.52002716064453,9.508371353149414,0
