epoch,s_A,L_p,B_q,B_B,M_B,B_C,M_C,B_A,B_u,Loss
0,0.10000000149011612,0.345167338848114,1.7101956605911255,2.9684553146362305,10.530745506286621,4.263136863708496,12.39979362487793,9.5006742477417,2.7442679405212402,0
